{"cameraMode":{"drawMode":0,"name":"Shaded","section":"Shading Mode"},"sceneLighting":false,"audioPlay":false,"sceneViewState":{"m_AlwaysRefresh":false,"showFog":true,"showSkybox":true,"showFlares":true,"showImageEffects":true,"showParticleSystems":true,"showVisualEffectGraphs":true,"m_FxEnabled":true},"in2DMode":false,"pivot":{"x":3.8006558418273927,"y":-1.2302875518798829,"z":13.141190528869629},"rotation":{"x":0.3006673753261566,"y":0.007154885679483414,"z":-0.002247511874884367,"w":0.9537114500999451},"size":16.376041412353517,"orthographic":true}