{"cameraMode":{"drawMode":0,"name":"Shaded","section":"Shading Mode"},"sceneLighting":false,"audioPlay":false,"sceneViewState":{"m_AlwaysRefresh":false,"showFog":true,"showSkybox":true,"showFlares":true,"showImageEffects":true,"showParticleSystems":true,"showVisualEffectGraphs":true,"m_FxEnabled":true},"in2DMode":false,"pivot":{"x":-4.643458843231201,"y":11.044764518737793,"z":-10.427779197692871},"rotation":{"x":0.1922944188117981,"y":0.05413918197154999,"z":-0.010625463910400868,"w":0.9797865748405457},"size":23.813831329345704,"orthographic":true}