{"cameraMode":{"drawMode":0,"name":"Shaded","section":"Shading Mode"},"sceneLighting":false,"audioPlay":false,"sceneViewState":{"m_AlwaysRefresh":false,"showFog":true,"showSkybox":true,"showFlares":true,"showImageEffects":true,"showParticleSystems":true,"showVisualEffectGraphs":true,"m_FxEnabled":true},"in2DMode":false,"pivot":{"x":-16.457996368408204,"y":40.17521286010742,"z":-40.51662826538086},"rotation":{"x":0.36272484064102175,"y":0.03074563853442669,"z":-0.011970789171755314,"w":0.9313257932662964},"size":11.959068298339844,"orthographic":true}