{"cameraMode":{"drawMode":0,"name":"Shaded","section":"Shading Mode"},"sceneLighting":false,"audioPlay":false,"sceneViewState":{"m_AlwaysRefresh":false,"showFog":true,"showSkybox":true,"showFlares":true,"showImageEffects":true,"showParticleSystems":true,"showVisualEffectGraphs":true,"m_FxEnabled":true},"in2DMode":false,"pivot":{"x":1.697348952293396,"y":3.446730375289917,"z":7.354776859283447},"rotation":{"x":-0.007502653170377016,"y":0.9846546649932861,"z":-0.16881811618804933,"w":-0.04375094175338745},"size":20.459375381469728,"orthographic":true}