{"cameraMode":{"drawMode":0,"name":"Shaded","section":"Shading Mode"},"sceneLighting":false,"audioPlay":false,"sceneViewState":{"m_AlwaysRefresh":false,"showFog":true,"showSkybox":true,"showFlares":true,"showImageEffects":true,"showParticleSystems":true,"showVisualEffectGraphs":true,"m_FxEnabled":true},"in2DMode":false,"pivot":{"x":-16.80115509033203,"y":34.50787353515625,"z":-45.70920181274414},"rotation":{"x":0.24629132449626923,"y":0.03313971310853958,"z":-0.008422182872891426,"w":0.9686062932014465},"size":30.682144165039064,"orthographic":true}